MINE_BLOCK_A,1,0.0001385
MINE_BLOCK_A,2,0.0007678
MINE_BLOCK_A,3,0.0006978
MINE_BLOCK_A,4,0.0006864
MINE_BLOCK_A,5,0.0006830
MINE_BLOCK_A,6,0.0006860
MINE_BLOCK_A,7,0.0006782
MINE_BLOCK_A,8,0.0006774
MINE_BLOCK_A,9,0.0006828
MINE_BLOCK_A,10,0.0006768
MINE_BLOCK_A,11,0.0006843
MINE_BLOCK_A,12,0.0007222
MINE_BLOCK_A,13,0.0006827
MINE_BLOCK_A,14,0.0006681
MINE_BLOCK_A,15,0.0006755
MINE_BLOCK_A,16,0.0006898
MINE_BLOCK_A,17,0.0006754
MINE_BLOCK_A,18,0.0006747
MINE_BLOCK_A,19,0.0006674
MINE_BLOCK_A,20,0.0006646
MINE_BLOCK_A,21,0.0006826
MINE_BLOCK_A,22,0.0006611
MINE_BLOCK_A,23,0.0006651
MINE_BLOCK_A,24,0.0006654
MINE_BLOCK_A,25,0.0006633
MINE_BLOCK_A,26,0.0007203
MINE_BLOCK_A,27,0.0006671
MINE_BLOCK_A,28,0.0006666
MINE_BLOCK_A,29,0.0006545
MINE_BLOCK_A,30,0.0006592
MINE_BLOCK_A,31,0.0006585
MINE_BLOCK_A,32,0.0006586
MINE_BLOCK_A,33,0.0006555
MINE_BLOCK_A,34,0.0006593
MINE_BLOCK_A,35,0.0006611
MINE_BLOCK_A,36,0.0006606
MINE_BLOCK_A,37,0.0006634
MINE_BLOCK_A,38,0.0006606
MINE_BLOCK_A,39,0.0006541
MINE_BLOCK_A,40,0.0007017
MINE_BLOCK_A,41,0.0006638
MINE_BLOCK_A,42,0.0006733
MINE_BLOCK_A,43,0.0006597
MINE_BLOCK_A,44,0.0006561
MINE_BLOCK_A,45,0.0006524
MINE_BLOCK_A,46,0.0006567
MINE_BLOCK_A,47,0.0006725
MINE_BLOCK_A,48,0.0006626
MINE_BLOCK_A,49,0.0006689
MINE_BLOCK_A,50,0.0006601
MINE_BLOCK_A,51,0.0006695
MINE_BLOCK_A,52,0.0006724
MINE_BLOCK_A,53,0.0006746
MINE_BLOCK_A,54,0.0008792
MINE_BLOCK_A,55,0.0006802
MINE_BLOCK_A,56,0.0006735
MINE_BLOCK_A,57,0.0006689
MINE_BLOCK_A,58,0.0006678
MINE_BLOCK_A,59,0.0006701
MINE_BLOCK_A,60,0.0006631
MINE_BLOCK_A,61,0.0006660
MINE_BLOCK_A,62,0.0006622
MINE_BLOCK_A,63,0.0006545
MINE_BLOCK_A,64,0.0006693
MINE_BLOCK_A,65,0.0006623
MINE_BLOCK_A,66,0.0006711
MINE_BLOCK_A,67,0.0006626
MINE_BLOCK_A,68,0.0007128
MINE_BLOCK_A,69,0.0006652
MINE_BLOCK_A,70,0.0006676
MINE_BLOCK_A,71,0.0006659
MINE_BLOCK_A,72,0.0006630
MINE_BLOCK_A,73,0.0006757
MINE_BLOCK_A,74,0.0006616
MINE_BLOCK_A,75,0.0006598
MINE_BLOCK_A,76,0.0006648
MINE_BLOCK_A,77,0.0006563
MINE_BLOCK_A,78,0.0006643
MINE_BLOCK_A,79,0.0006570
MINE_BLOCK_A,80,0.0006580
MINE_BLOCK_A,81,0.0006536
MINE_BLOCK_A,82,0.0007022
MINE_BLOCK_A,83,0.0006678
MINE_BLOCK_A,84,0.0006648
MINE_BLOCK_A,85,0.0006582
MINE_BLOCK_A,86,0.0006542
MINE_BLOCK_A,87,0.0006600
MINE_BLOCK_A,88,0.0006607
MINE_BLOCK_A,89,0.0006602
MINE_BLOCK_A,90,0.0006643
MINE_BLOCK_A,91,0.0006579
MINE_BLOCK_A,92,0.0006572
MINE_BLOCK_A,93,0.0006543
MINE_BLOCK_A,94,0.0006647
MINE_BLOCK_A,95,0.0006567
MINE_BLOCK_A,96,0.0006972
MINE_BLOCK_A,97,0.0006540
MINE_BLOCK_A,98,0.0006531
MINE_BLOCK_A,99,0.0006566
MINE_BLOCK_A,100,0.0006479
MINE_BLOCK_A,101,0.0006514
MINE_BLOCK_A,102,0.0006534
MINE_BLOCK_A,103,0.0006485
MINE_BLOCK_A,104,0.0006575
MINE_BLOCK_A,105,0.0006448
MINE_BLOCK_A,106,0.0006455
MINE_BLOCK_A,107,0.0006530
MINE_BLOCK_A,108,0.0006466
MINE_BLOCK_A,109,0.0006502
MINE_BLOCK_A,110,0.0007120
MINE_BLOCK_A,111,0.0006584
MINE_BLOCK_A,112,0.0006502
MINE_BLOCK_A,113,0.0006446
MINE_BLOCK_A,114,0.0006506
MINE_BLOCK_A,115,0.0006596
MINE_BLOCK_A,116,0.0006483
MINE_BLOCK_A,117,0.0006494
MINE_BLOCK_A,118,0.0006509
MINE_BLOCK_A,119,0.0006512
MINE_BLOCK_A,120,0.0006542
MINE_BLOCK_A,121,0.0006534
MINE_BLOCK_A,122,0.0006510
MINE_BLOCK_A,123,0.0006521
MINE_BLOCK_A,124,0.0007032
MINE_BLOCK_A,125,0.0006574
MINE_BLOCK_A,126,0.0006544
MINE_BLOCK_A,127,0.0006531
MINE_BLOCK_A,128,0.0006552
MINE_BLOCK_A,129,0.0006518
MINE_BLOCK_A,130,0.0006522
MINE_BLOCK_A,131,0.0006622
MINE_BLOCK_A,132,0.0006494
MINE_BLOCK_A,133,0.0006510
MINE_BLOCK_A,134,0.0006561
MINE_BLOCK_A,135,0.0006482
MINE_BLOCK_A,136,0.0006542
MINE_BLOCK_A,137,0.0006438
MINE_BLOCK_A,138,0.0007044
MINE_BLOCK_A,139,0.0006547
MINE_BLOCK_A,140,0.0006554
MINE_BLOCK_A,141,0.0006593
MINE_BLOCK_A,142,0.0006525
MINE_BLOCK_A,143,0.0006489
MINE_BLOCK_A,144,0.0006507
MINE_BLOCK_A,145,0.0006628
MINE_BLOCK_A,146,0.0006578
MINE_BLOCK_A,147,0.0006512
MINE_BLOCK_A,148,0.0006506
MINE_BLOCK_A,149,0.0006429
MINE_BLOCK_A,150,0.0006475
MINE_BLOCK_A,151,0.0006432
MINE_BLOCK_A,152,0.0007023
MINE_BLOCK_A,153,0.0006517
MINE_BLOCK_A,154,0.0006495
MINE_BLOCK_A,155,0.0006480
MINE_BLOCK_A,156,0.0006444
MINE_BLOCK_A,157,0.0006512
MINE_BLOCK_A,158,0.0006466
MINE_BLOCK_A,159,0.0006467
MINE_BLOCK_A,160,0.0006422
MINE_BLOCK_A,161,0.0006385
MINE_BLOCK_A,162,0.0006546
MINE_BLOCK_A,163,0.0006442
MINE_BLOCK_A,164,0.0006424
MINE_BLOCK_A,165,0.0006394
MINE_BLOCK_A,166,0.0006979
MINE_BLOCK_A,167,0.0006592
MINE_BLOCK_A,168,0.0006581
MINE_BLOCK_A,169,0.0006451
MINE_BLOCK_A,170,0.0006455
MINE_BLOCK_A,171,0.0006459
MINE_BLOCK_A,172,0.0006548
MINE_BLOCK_A,173,0.0006481
MINE_BLOCK_A,174,0.0006567
MINE_BLOCK_A,175,0.0006510
MINE_BLOCK_A,176,0.0006533
MINE_BLOCK_A,177,0.0006491
MINE_BLOCK_A,178,0.0006522
MINE_BLOCK_A,179,0.0006419
MINE_BLOCK_A,180,0.0006972
MINE_BLOCK_A,181,0.0006516
MINE_BLOCK_A,182,0.0006483
MINE_BLOCK_A,183,0.0006455
MINE_BLOCK_A,184,0.0006542
MINE_BLOCK_A,185,0.0006519
MINE_BLOCK_A,186,0.0006519
MINE_BLOCK_A,187,0.0006514
MINE_BLOCK_A,188,0.0006454
MINE_BLOCK_A,189,0.0006483
MINE_BLOCK_A,190,0.0006433
MINE_BLOCK_A,191,0.0006472
MINE_BLOCK_A,192,0.0006462
MINE_BLOCK_A,193,0.0006493
MINE_BLOCK_A,194,0.0007020
MINE_BLOCK_A,195,0.0006567
MINE_BLOCK_A,196,0.0006462
MINE_BLOCK_A,197,0.0006498
MINE_BLOCK_A,198,0.0006483
MINE_BLOCK_A,199,0.0006553
MINE_BLOCK_A,200,0.0006468
MINE_BLOCK_A,201,0.0006513
MINE_BLOCK_A,202,0.0006443
MINE_BLOCK_A,203,0.0006481
MINE_BLOCK_A,204,0.0006413
MINE_BLOCK_A,205,0.0006459
MINE_BLOCK_A,206,0.0006436
MINE_BLOCK_A,207,0.0006400
MINE_BLOCK_A,208,0.0006459
MINE_BLOCK_A,209,0.0006477
MINE_BLOCK_A,210,0.0007171
MINE_BLOCK_A,211,0.0006576
MINE_BLOCK_A,212,0.0006546
MINE_BLOCK_A,213,0.0006503
MINE_BLOCK_A,214,0.0006511
MINE_BLOCK_A,215,0.0006566
MINE_BLOCK_A,216,0.0006517
MINE_BLOCK_A,217,0.0006482
MINE_BLOCK_A,218,0.0006539
MINE_BLOCK_A,219,0.0006439
MINE_BLOCK_A,220,0.0006462
MINE_BLOCK_A,221,0.0006507
MINE_BLOCK_A,222,0.0006480
MINE_BLOCK_A,223,0.0006388
MINE_BLOCK_A,224,0.0006499
MINE_BLOCK_A,225,0.0006445
MINE_BLOCK_A,226,0.0007160
MINE_BLOCK_A,227,0.0006512
MINE_BLOCK_A,228,0.0006407
MINE_BLOCK_A,229,0.0006405
MINE_BLOCK_A,230,0.0006431
MINE_BLOCK_A,231,0.0006503
MINE_BLOCK_A,232,0.0006429
MINE_BLOCK_A,233,0.0006434
MINE_BLOCK_A,234,0.0006475
MINE_BLOCK_A,235,0.0006484
MINE_BLOCK_A,236,0.0006410
MINE_BLOCK_A,237,0.0006519
MINE_BLOCK_A,238,0.0006446
MINE_BLOCK_A,239,0.0006488
MINE_BLOCK_A,240,0.0006479
MINE_BLOCK_A,241,0.0006457
MINE_BLOCK_A,242,0.0007167
MINE_BLOCK_A,243,0.0006582
MINE_BLOCK_A,244,0.0006503
MINE_BLOCK_A,245,0.0006489
MINE_BLOCK_A,246,0.0006530
MINE_BLOCK_A,247,0.0006578
MINE_BLOCK_A,248,0.0006483
MINE_BLOCK_A,249,0.0006479
MINE_BLOCK_A,250,0.0006433
MINE_BLOCK_A,251,0.0006476
MINE_BLOCK_A,252,0.0006525
MINE_BLOCK_A,253,0.0006443
MINE_BLOCK_A,254,0.0006395
MINE_BLOCK_A,255,0.0006369
MINE_BLOCK_A,256,0.0006386
MINE_BLOCK_A,257,0.0006336
MINE_BLOCK_A,258,0.0007124
MINE_BLOCK_A,259,0.0006545
MINE_BLOCK_A,260,0.0006405
MINE_BLOCK_A,261,0.0006385
MINE_BLOCK_A,262,0.0006428
MINE_BLOCK_A,263,0.0006511
MINE_BLOCK_A,264,0.0006436
MINE_BLOCK_A,265,0.0006526
MINE_BLOCK_A,266,0.0006477
MINE_BLOCK_A,267,0.0006493
MINE_BLOCK_A,268,0.0006562
MINE_BLOCK_A,269,0.0006507
MINE_BLOCK_A,270,0.0006512
MINE_BLOCK_A,271,0.0006405
MINE_BLOCK_A,272,0.0006490
MINE_BLOCK_A,273,0.0006421
MINE_BLOCK_A,274,0.0007164
MINE_BLOCK_A,275,0.0006494
MINE_BLOCK_A,276,0.0006414
MINE_BLOCK_A,277,0.0006424
MINE_BLOCK_A,278,0.0006447
MINE_BLOCK_A,279,0.0006458
MINE_BLOCK_A,280,0.0006393
MINE_BLOCK_A,281,0.0006369
MINE_BLOCK_A,282,0.0006383
MINE_BLOCK_A,283,0.0006355
MINE_BLOCK_A,284,0.0006496
MINE_BLOCK_A,285,0.0006414
MINE_BLOCK_A,286,0.0006497
MINE_BLOCK_A,287,0.0006464
MINE_BLOCK_A,288,0.0006419
MINE_BLOCK_A,289,0.0006471
MINE_BLOCK_A,290,0.0006573
MINE_BLOCK_A,291,0.0006494
MINE_BLOCK_A,292,0.0006417
MINE_BLOCK_A,293,0.0007135
MINE_BLOCK_A,294,0.0006452
MINE_BLOCK_A,295,0.0006577
MINE_BLOCK_A,296,0.0006431
MINE_BLOCK_A,297,0.0006465
MINE_BLOCK_A,298,0.0006470
MINE_BLOCK_A,299,0.0006424
MINE_BLOCK_A,300,0.0006496
MINE_BLOCK_A,301,0.0006432
MINE_BLOCK_A,302,0.0006397
MINE_BLOCK_A,303,0.0006373
MINE_BLOCK_A,304,0.0006451
MINE_BLOCK_A,305,0.0006396
MINE_BLOCK_A,306,0.0006526
MINE_BLOCK_A,307,0.0006425
MINE_BLOCK_A,308,0.0006407
MINE_BLOCK_A,309,0.0006376
MINE_BLOCK_A,310,0.0006468
MINE_BLOCK_A,311,0.0006398
MINE_BLOCK_A,312,0.0006392
MINE_BLOCK_A,313,0.0007097
MINE_BLOCK_A,314,0.0006462
MINE_BLOCK_A,315,0.0006400
MINE_BLOCK_A,316,0.0006554
MINE_BLOCK_A,317,0.0006408
MINE_BLOCK_A,318,0.0006399
MINE_BLOCK_A,319,0.0006399
MINE_BLOCK_A,320,0.0006436
MINE_BLOCK_A,321,0.0006422
MINE_BLOCK_A,322,0.0006468
MINE_BLOCK_A,323,0.0006378
MINE_BLOCK_A,324,0.0006349
MINE_BLOCK_A,325,0.0006390
MINE_BLOCK_A,326,0.0006419
MINE_BLOCK_A,327,0.0006383
MINE_BLOCK_A,328,0.0006342
MINE_BLOCK_A,329,0.0006395
MINE_BLOCK_A,330,0.0006366
MINE_BLOCK_A,331,0.0006399
MINE_BLOCK_A,332,0.0006377
MINE_BLOCK_A,333,0.0007102
MINE_BLOCK_A,334,0.0006517
MINE_BLOCK_A,335,0.0006604
MINE_BLOCK_A,336,0.0006489
MINE_BLOCK_A,337,0.0006480
MINE_BLOCK_A,338,0.0006580
MINE_BLOCK_A,339,0.0006600
MINE_BLOCK_A,340,0.0006441
MINE_BLOCK_A,341,0.0006408
MINE_BLOCK_A,342,0.0006419
MINE_BLOCK_A,343,0.0006446
MINE_BLOCK_A,344,0.0006393
MINE_BLOCK_A,345,0.0006407
MINE_BLOCK_A,346,0.0006406
MINE_BLOCK_A,347,0.0006357
MINE_BLOCK_A,348,0.0006457
MINE_BLOCK_A,349,0.0006390
MINE_BLOCK_A,350,0.0006416
MINE_BLOCK_A,351,0.0006407
MINE_BLOCK_A,352,0.0006349
MINE_BLOCK_A,353,0.0007204
MINE_BLOCK_A,354,0.0006556
MINE_BLOCK_A,355,0.0006476
MINE_BLOCK_A,356,0.0006395
MINE_BLOCK_A,357,0.0006394
MINE_BLOCK_A,358,0.0006376
MINE_BLOCK_A,359,0.0006485
MINE_BLOCK_A,360,0.0006436
MINE_BLOCK_A,361,0.0006440
MINE_BLOCK_A,362,0.0006431
MINE_BLOCK_A,363,0.0006455
MINE_BLOCK_A,364,0.0006463
MINE_BLOCK_A,365,0.0006409
MINE_BLOCK_A,366,0.0006438
MINE_BLOCK_A,367,0.0006390
MINE_BLOCK_A,368,0.0006367
MINE_BLOCK_A,369,0.0006373
MINE_BLOCK_A,370,0.0006496
MINE_BLOCK_A,371,0.0006395
MINE_BLOCK_A,372,0.0006393
MINE_BLOCK_A,373,0.0007105
MINE_BLOCK_A,374,0.0006506
MINE_BLOCK_A,375,0.0006474
MINE_BLOCK_A,376,0.0006361
MINE_BLOCK_A,377,0.0006340
MINE_BLOCK_A,378,0.0006344
MINE_BLOCK_A,379,0.0006351
MINE_BLOCK_A,380,0.0006272
MINE_BLOCK_A,381,0.0006349
MINE_BLOCK_A,382,0.0006311
MINE_BLOCK_A,383,0.0006338
MINE_BLOCK_A,384,0.0006308
MINE_BLOCK_A,385,0.0006399
MINE_BLOCK_A,386,0.0006481
MINE_BLOCK_A,387,0.0006429
MINE_BLOCK_A,388,0.0006443
MINE_BLOCK_A,389,0.0006431
MINE_BLOCK_A,390,0.0006501
MINE_BLOCK_A,391,0.0006499
MINE_BLOCK_A,392,0.0006413
MINE_BLOCK_A,393,0.0007201
MINE_BLOCK_A,394,0.0006533
MINE_BLOCK_A,395,0.0006442
MINE_BLOCK_A,396,0.0006457
MINE_BLOCK_A,397,0.0006430
MINE_BLOCK_A,398,0.0006431
MINE_BLOCK_A,399,0.0006389
MINE_BLOCK_A,400,0.0006380
MINE_BLOCK_A,401,0.0006344
MINE_BLOCK_A,402,0.0006455
MINE_BLOCK_A,403,0.0006417
MINE_BLOCK_A,404,0.0006359
MINE_BLOCK_A,405,0.0006388
MINE_BLOCK_A,406,0.0006414
MINE_BLOCK_A,407,0.0006413
MINE_BLOCK_A,408,0.0006385
MINE_BLOCK_A,409,0.0006477
MINE_BLOCK_A,410,0.0006512
MINE_BLOCK_A,411,0.0006434
MINE_BLOCK_A,412,0.0006403
MINE_BLOCK_A,413,0.0007278
MINE_BLOCK_A,414,0.0006541
MINE_BLOCK_A,415,0.0006538
MINE_BLOCK_A,416,0.0006415
MINE_BLOCK_A,417,0.0006410
MINE_BLOCK_A,418,0.0006491
MINE_BLOCK_A,419,0.0006464
MINE_BLOCK_A,420,0.0006474
MINE_BLOCK_A,421,0.0006480
MINE_BLOCK_A,422,0.0006523
MINE_BLOCK_A,423,0.0006577
MINE_BLOCK_A,424,0.0006433
MINE_BLOCK_A,425,0.0006477
MINE_BLOCK_A,426,0.0006491
MINE_BLOCK_A,427,0.0006461
MINE_BLOCK_A,428,0.0006444
MINE_BLOCK_A,429,0.0006517
MINE_BLOCK_A,430,0.0006586
MINE_BLOCK_A,431,0.0006496
MINE_BLOCK_A,432,0.0006549
MINE_BLOCK_A,433,0.0007154
MINE_BLOCK_A,434,0.0006581
MINE_BLOCK_A,435,0.0006493
MINE_BLOCK_A,436,0.0006470
MINE_BLOCK_A,437,0.0006482
MINE_BLOCK_A,438,0.0006473
MINE_BLOCK_A,439,0.0006539
MINE_BLOCK_A,440,0.0006461
MINE_BLOCK_A,441,0.0006502
MINE_BLOCK_A,442,0.0006521
MINE_BLOCK_A,443,0.0006448
MINE_BLOCK_A,444,0.0006545
MINE_BLOCK_A,445,0.0006391
MINE_BLOCK_A,446,0.0006465
MINE_BLOCK_A,447,0.0006449
MINE_BLOCK_A,448,0.0006430
MINE_BLOCK_A,449,0.0006447
MINE_BLOCK_A,450,0.0006497
MINE_BLOCK_A,451,0.0006430
MINE_BLOCK_A,452,0.0006395
MINE_BLOCK_A,453,0.0007230
MINE_BLOCK_A,454,0.0006527
MINE_BLOCK_A,455,0.0006510
MINE_BLOCK_A,456,0.0006450
MINE_BLOCK_A,457,0.0006480
MINE_BLOCK_A,458,0.0006534
MINE_BLOCK_A,459,0.0006488
MINE_BLOCK_A,460,0.0006528
MINE_BLOCK_A,461,0.0006452
MINE_BLOCK_A,462,0.0006502
MINE_BLOCK_A,463,0.0006413
MINE_BLOCK_A,464,0.0006445
MINE_BLOCK_A,465,0.0006439
MINE_BLOCK_A,466,0.0006513
MINE_BLOCK_A,467,0.0006449
MINE_BLOCK_A,468,0.0006409
MINE_BLOCK_A,469,0.0006445
MINE_BLOCK_A,470,0.0006388
MINE_BLOCK_A,471,0.0006450
MINE_BLOCK_A,472,0.0006427
MINE_BLOCK_A,473,0.0007143
MINE_BLOCK_A,474,0.0006529
MINE_BLOCK_A,475,0.0006466
MINE_BLOCK_A,476,0.0006466
MINE_BLOCK_A,477,0.0006418
MINE_BLOCK_A,478,0.0006374
MINE_BLOCK_A,479,0.0006406
MINE_BLOCK_A,480,0.0006436
MINE_BLOCK_A,481,0.0006490
MINE_BLOCK_A,482,0.0006432
MINE_BLOCK_A,483,0.0006458
MINE_BLOCK_A,484,0.0006410
MINE_BLOCK_A,485,0.0006361
MINE_BLOCK_A,486,0.0006360
MINE_BLOCK_A,487,0.0006436
MINE_BLOCK_A,488,0.0006364
MINE_BLOCK_A,489,0.0006370
MINE_BLOCK_A,490,0.0006462
MINE_BLOCK_A,491,0.0006418
MINE_BLOCK_A,492,0.0006431
MINE_BLOCK_A,493,0.0007153
MINE_BLOCK_A,494,0.0006528
MINE_BLOCK_A,495,0.0006461
MINE_BLOCK_A,496,0.0006487
MINE_BLOCK_A,497,0.0006442
MINE_BLOCK_A,498,0.0006542
MINE_BLOCK_A,499,0.0006554
MINE_BLOCK_A,500,0.0006454
MINE_BLOCK_A,501,0.0006444
MINE_BLOCK_A,502,0.0006396
MINE_BLOCK_A,503,0.0006570
MINE_BLOCK_A,504,0.0006424
MINE_BLOCK_A,505,0.0006401
MINE_BLOCK_A,506,0.0006414
MINE_BLOCK_A,507,0.0006351
MINE_BLOCK_A,508,0.0006520
MINE_BLOCK_A,509,0.0006420
MINE_BLOCK_A,510,0.0006422
MINE_BLOCK_A,511,0.0006415
MINE_BLOCK_A,512,0.0006376
MINE_BLOCK_A,513,0.0007122
MINE_BLOCK_A,514,0.0006481
MINE_BLOCK_A,515,0.0006384
MINE_BLOCK_A,516,0.0006432
MINE_BLOCK_A,517,0.0006423
MINE_BLOCK_A,518,0.0006339
MINE_BLOCK_A,519,0.0006510
MINE_BLOCK_A,520,0.0006361
MINE_BLOCK_A,521,0.0006363
MINE_BLOCK_A,522,0.0006340
MINE_BLOCK_A,523,0.0006360
MINE_BLOCK_A,524,0.0006406
MINE_BLOCK_A,525,0.0006361
MINE_BLOCK_A,526,0.0006370
MINE_BLOCK_A,527,0.0006317
MINE_BLOCK_A,528,0.0006397
MINE_BLOCK_A,529,0.0006494
MINE_BLOCK_A,530,0.0006542
MINE_BLOCK_A,531,0.0006433
MINE_BLOCK_A,532,0.0006432
MINE_BLOCK_A,533,0.0007183
MINE_BLOCK_A,534,0.0006446
MINE_BLOCK_A,535,0.0006515
MINE_BLOCK_A,536,0.0006494
MINE_BLOCK_A,537,0.0006434
MINE_BLOCK_A,538,0.0006368
MINE_BLOCK_A,539,0.0006392
MINE_BLOCK_A,540,0.0006503
MINE_BLOCK_A,541,0.0006380
MINE_BLOCK_A,542,0.0006409
MINE_BLOCK_A,543,0.0006437
MINE_BLOCK_A,544,0.0006376
MINE_BLOCK_A,545,0.0006396
MINE_BLOCK_A,546,0.0006411
MINE_BLOCK_A,547,0.0006327
MINE_BLOCK_A,548,0.0006380
MINE_BLOCK_A,549,0.0006378
MINE_BLOCK_A,550,0.0006321
MINE_BLOCK_A,551,0.0006528
MINE_BLOCK_A,552,0.0006342
MINE_BLOCK_A,553,0.0007105
MINE_BLOCK_A,554,0.0006517
MINE_BLOCK_A,555,0.0006389
MINE_BLOCK_A,556,0.0006436
MINE_BLOCK_A,557,0.0006391
MINE_BLOCK_A,558,0.0006409
MINE_BLOCK_A,559,0.0006397
MINE_BLOCK_A,560,0.0006392
MINE_BLOCK_A,561,0.0006381
MINE_BLOCK_A,562,0.0006438
MINE_BLOCK_A,563,0.0006362
MINE_BLOCK_A,564,0.0006375
MINE_BLOCK_A,565,0.0006369
MINE_BLOCK_A,566,0.0006416
MINE_BLOCK_A,567,0.0006434
MINE_BLOCK_A,568,0.0006365
MINE_BLOCK_A,569,0.0006419
MINE_BLOCK_A,570,0.0006350
MINE_BLOCK_A,571,0.0006367
MINE_BLOCK_A,572,0.0006331
MINE_BLOCK_A,573,0.0007153
MINE_BLOCK_A,574,0.0006435
MINE_BLOCK_A,575,0.0006389
MINE_BLOCK_A,576,0.0006346
MINE_BLOCK_A,577,0.0006384
MINE_BLOCK_A,578,0.0006391
MINE_BLOCK_A,579,0.0006382
MINE_BLOCK_A,580,0.0006370
MINE_BLOCK_A,581,0.0006376
MINE_BLOCK_A,582,0.0006386
MINE_BLOCK_A,583,0.0006458
MINE_BLOCK_A,584,0.0006380
MINE_BLOCK_A,585,0.0006406
MINE_BLOCK_A,586,0.0006330
MINE_BLOCK_A,587,0.0006326
MINE_BLOCK_A,588,0.0006328
MINE_BLOCK_A,589,0.0006457
MINE_BLOCK_A,590,0.0006341
MINE_BLOCK_A,591,0.0006312
MINE_BLOCK_A,592,0.0006288
MINE_BLOCK_A,593,0.0007053
MINE_BLOCK_A,594,0.0006693
MINE_BLOCK_A,595,0.0006437
MINE_BLOCK_A,596,0.0006438
MINE_BLOCK_A,597,0.0006358
MINE_BLOCK_A,598,0.0006351
MINE_BLOCK_A,599,0.0006414
MINE_BLOCK_A,600,0.0006379
MINE_BLOCK_A,601,0.0006327
MINE_BLOCK_A,602,0.0006347
MINE_BLOCK_A,603,0.0006343
MINE_BLOCK_A,604,0.0006381
MINE_BLOCK_A,605,0.0006410
MINE_BLOCK_A,606,0.0006357
MINE_BLOCK_A,607,0.0006356
MINE_BLOCK_A,608,0.0006367
MINE_BLOCK_A,609,0.0006342
MINE_BLOCK_A,610,0.0006400
MINE_BLOCK_A,611,0.0006354
MINE_BLOCK_A,612,0.0006313
MINE_BLOCK_A,613,0.0007153
MINE_BLOCK_A,614,0.0006458
MINE_BLOCK_A,615,0.0006456
MINE_BLOCK_A,616,0.0006449
MINE_BLOCK_A,617,0.0006419
MINE_BLOCK_A,618,0.0006494
MINE_BLOCK_A,619,0.0006420
MINE_BLOCK_A,620,0.0006436
MINE_BLOCK_A,621,0.0006449
MINE_BLOCK_A,622,0.0006346
MINE_BLOCK_A,623,0.0006349
MINE_BLOCK_A,624,0.0006386
MINE_BLOCK_A,625,0.0006365
MINE_BLOCK_A,626,0.0006442
MINE_BLOCK_A,627,0.0006322
MINE_BLOCK_A,628,0.0006272
MINE_BLOCK_A,629,0.0006397
MINE_BLOCK_A,630,0.0006343
MINE_BLOCK_A,631,0.0006314
MINE_BLOCK_A,632,0.0006338
MINE_BLOCK_A,633,0.0007057
MINE_BLOCK_A,634,0.0006445
MINE_BLOCK_A,635,0.0006452
MINE_BLOCK_A,636,0.0006420
MINE_BLOCK_A,637,0.0006446
MINE_BLOCK_A,638,0.0006369
MINE_BLOCK_A,639,0.0006313
MINE_BLOCK_A,640,0.0006359
MINE_BLOCK_A,641,0.0006379
MINE_BLOCK_A,642,0.0006452
MINE_BLOCK_A,643,0.0006424
MINE_BLOCK_A,644,0.0006329
MINE_BLOCK_A,645,0.0006331
MINE_BLOCK_A,646,0.0006330
MINE_BLOCK_A,647,0.0006295
MINE_BLOCK_A,648,0.0006326
MINE_BLOCK_A,649,0.0006323
MINE_BLOCK_A,650,0.0006425
MINE_BLOCK_A,651,0.0006356
MINE_BLOCK_A,652,0.0006281
MINE_BLOCK_A,653,0.0007157
MINE_BLOCK_A,654,0.0006428
MINE_BLOCK_A,655,0.0006359
MINE_BLOCK_A,656,0.0006299
MINE_BLOCK_A,657,0.0006320
MINE_BLOCK_A,658,0.0006340
MINE_BLOCK_A,659,0.0006384
MINE_BLOCK_A,660,0.0006328
MINE_BLOCK_A,661,0.0006276
MINE_BLOCK_A,662,0.0006289
MINE_BLOCK_A,663,0.0006391
MINE_BLOCK_A,664,0.0006410
MINE_BLOCK_A,665,0.0006350
MINE_BLOCK_A,666,0.0006333
MINE_BLOCK_A,667,0.0006429
MINE_BLOCK_A,668,0.0006470
MINE_BLOCK_A,669,0.0006472
MINE_BLOCK_A,670,0.0006450
MINE_BLOCK_A,671,0.0006419
MINE_BLOCK_A,672,0.0006442
MINE_BLOCK_A,673,0.0007154
MINE_BLOCK_A,674,0.0006409
MINE_BLOCK_A,675,0.0006479
MINE_BLOCK_A,676,0.0006359
MINE_BLOCK_A,677,0.0006304
MINE_BLOCK_A,678,0.0006345
MINE_BLOCK_A,679,0.0006328
MINE_BLOCK_A,680,0.0006380
MINE_BLOCK_A,681,0.0006290
MINE_BLOCK_A,682,0.0006323
MINE_BLOCK_A,683,0.0006278
MINE_BLOCK_A,684,0.0006406
MINE_BLOCK_A,685,0.0006396
MINE_BLOCK_A,686,0.0006433
MINE_BLOCK_A,687,0.0006359
MINE_BLOCK_A,688,0.0006394
MINE_BLOCK_A,689,0.0006497
MINE_BLOCK_A,690,0.0006373
MINE_BLOCK_A,691,0.0006397
MINE_BLOCK_A,692,0.0006321
MINE_BLOCK_A,693,0.0007140
MINE_BLOCK_A,694,0.0006455
MINE_BLOCK_A,695,0.0006427
MINE_BLOCK_A,696,0.0006342
MINE_BLOCK_A,697,0.0006346
MINE_BLOCK_A,698,0.0006373
MINE_BLOCK_A,699,0.0006337
MINE_BLOCK_A,700,0.0006341
MINE_BLOCK_A,701,0.0006277
MINE_BLOCK_A,702,0.0006446
MINE_BLOCK_A,703,0.0006445
MINE_BLOCK_A,704,0.0006439
MINE_BLOCK_A,705,0.0006385
MINE_BLOCK_A,706,0.0006324
MINE_BLOCK_A,707,0.0006403
MINE_BLOCK_A,708,0.0006342
MINE_BLOCK_A,709,0.0006407
MINE_BLOCK_A,710,0.0006428
MINE_BLOCK_A,711,0.0006476
MINE_BLOCK_A,712,0.0006386
MINE_BLOCK_A,713,0.0007168
MINE_BLOCK_A,714,0.0006517
MINE_BLOCK_A,715,0.0006432
MINE_BLOCK_A,716,0.0006378
MINE_BLOCK_A,717,0.0006398
MINE_BLOCK_A,718,0.0006458
MINE_BLOCK_A,719,0.0006352
MINE_BLOCK_A,720,0.0006365
MINE_BLOCK_A,721,0.0006358
MINE_BLOCK_A,722,0.0006352
MINE_BLOCK_A,723,0.0006390
MINE_BLOCK_A,724,0.0006353
MINE_BLOCK_A,725,0.0006382
MINE_BLOCK_A,726,0.0006394
MINE_BLOCK_A,727,0.0006358
MINE_BLOCK_A,728,0.0006370
MINE_BLOCK_A,729,0.0006477
MINE_BLOCK_A,730,0.0006373
MINE_BLOCK_A,731,0.0006380
MINE_BLOCK_A,732,0.0006370
MINE_BLOCK_A,733,0.0007061
MINE_BLOCK_A,734,0.0006477
MINE_BLOCK_A,735,0.0006366
MINE_BLOCK_A,736,0.0006368
MINE_BLOCK_A,737,0.0006401
MINE_BLOCK_A,738,0.0006405
MINE_BLOCK_A,739,0.0006440
MINE_BLOCK_A,740,0.0006365
MINE_BLOCK_A,741,0.0006410
MINE_BLOCK_A,742,0.0006388
MINE_BLOCK_A,743,0.0006389
MINE_BLOCK_A,744,0.0006353
MINE_BLOCK_A,745,0.0006434
MINE_BLOCK_A,746,0.0006340
MINE_BLOCK_A,747,0.0006299
MINE_BLOCK_A,748,0.0006316
MINE_BLOCK_A,749,0.0006380
MINE_BLOCK_A,750,0.0006532
MINE_BLOCK_A,751,0.0006328
MINE_BLOCK_A,752,0.0006285
MINE_BLOCK_A,753,0.0007085
MINE_BLOCK_A,754,0.0006443
MINE_BLOCK_A,755,0.0006398
MINE_BLOCK_A,756,0.0006378
MINE_BLOCK_A,757,0.0006416
MINE_BLOCK_A,758,0.0006409
MINE_BLOCK_A,759,0.0006402
MINE_BLOCK_A,760,0.0006447
MINE_BLOCK_A,761,0.0006392
MINE_BLOCK_A,762,0.0006340
MINE_BLOCK_A,763,0.0006353
MINE_BLOCK_A,764,0.0006316
MINE_BLOCK_A,765,0.0006352
MINE_BLOCK_A,766,0.0006407
MINE_BLOCK_A,767,0.0006300
MINE_BLOCK_A,768,0.0006291
MINE_BLOCK_A,769,0.0006445
MINE_BLOCK_A,770,0.0006407
MINE_BLOCK_A,771,0.0006457
MINE_BLOCK_A,772,0.0006440
MINE_BLOCK_A,773,0.0007147
MINE_BLOCK_A,774,0.0006434
MINE_BLOCK_A,775,0.0006381
MINE_BLOCK_A,776,0.0006395
MINE_BLOCK_A,777,0.0006480
MINE_BLOCK_A,778,0.0006377
MINE_BLOCK_A,779,0.0006373
MINE_BLOCK_A,780,0.0006397
MINE_BLOCK_A,781,0.0006397
MINE_BLOCK_A,782,0.0006405
MINE_BLOCK_A,783,0.0006328
MINE_BLOCK_A,784,0.0006365
MINE_BLOCK_A,785,0.0006325
MINE_BLOCK_A,786,0.0006403
MINE_BLOCK_A,787,0.0006324
MINE_BLOCK_A,788,0.0006446
MINE_BLOCK_A,789,0.0006412
MINE_BLOCK_A,790,0.0006419
MINE_BLOCK_A,791,0.0006371
MINE_BLOCK_A,792,0.0006346
MINE_BLOCK_A,793,0.0007204
MINE_BLOCK_A,794,0.0006523
MINE_BLOCK_A,795,0.0006440
MINE_BLOCK_A,796,0.0006397
MINE_BLOCK_A,797,0.0006456
MINE_BLOCK_A,798,0.0006446
MINE_BLOCK_A,799,0.0006427
MINE_BLOCK_A,800,0.0006342
MINE_BLOCK_A,801,0.0006312
MINE_BLOCK_A,802,0.0006358
MINE_BLOCK_A,803,0.0006377
MINE_BLOCK_A,804,0.0006361
MINE_BLOCK_A,805,0.0006360
MINE_BLOCK_A,806,0.0006442
MINE_BLOCK_A,807,0.0006390
MINE_BLOCK_A,808,0.0006362
MINE_BLOCK_A,809,0.0006459
MINE_BLOCK_A,810,0.0006433
MINE_BLOCK_A,811,0.0006420
MINE_BLOCK_A,812,0.0006341
MINE_BLOCK_A,813,0.0007146
MINE_BLOCK_A,814,0.0006514
MINE_BLOCK_A,815,0.0006455
MINE_BLOCK_A,816,0.0006369
MINE_BLOCK_A,817,0.0006350
MINE_BLOCK_A,818,0.0006368
MINE_BLOCK_A,819,0.0006374
MINE_BLOCK_A,820,0.0006439
MINE_BLOCK_A,821,0.0006381
MINE_BLOCK_A,822,0.0006407
MINE_BLOCK_A,823,0.0006404
MINE_BLOCK_A,824,0.0006410
MINE_BLOCK_A,825,0.0006434
MINE_BLOCK_A,826,0.0006400
MINE_BLOCK_A,827,0.0006403
MINE_BLOCK_A,828,0.0006401
MINE_BLOCK_A,829,0.0006472
MINE_BLOCK_A,830,0.0006399
MINE_BLOCK_A,831,0.0006476
MINE_BLOCK_A,832,0.0006426
MINE_BLOCK_A,833,0.0007173
MINE_BLOCK_A,834,0.0006499
MINE_BLOCK_A,835,0.0006406
MINE_BLOCK_A,836,0.0006486
MINE_BLOCK_A,837,0.0006372
MINE_BLOCK_A,838,0.0006401
MINE_BLOCK_A,839,0.0006382
MINE_BLOCK_A,840,0.0006449
MINE_BLOCK_A,841,0.0006424
MINE_BLOCK_A,842,0.0006440
MINE_BLOCK_A,843,0.0006402
MINE_BLOCK_A,844,0.0006419
MINE_BLOCK_A,845,0.0006352
MINE_BLOCK_A,846,0.0006314
MINE_BLOCK_A,847,0.0006364
MINE_BLOCK_A,848,0.0006322
MINE_BLOCK_A,849,0.0006355
MINE_BLOCK_A,850,0.0006319
MINE_BLOCK_A,851,0.0006285
MINE_BLOCK_A,852,0.0006495
MINE_BLOCK_A,853,0.0007194
MINE_BLOCK_A,854,0.0006548
MINE_BLOCK_A,855,0.0006429
MINE_BLOCK_A,856,0.0006400
MINE_BLOCK_A,857,0.0006394
MINE_BLOCK_A,858,0.0006363
MINE_BLOCK_A,859,0.0006400
MINE_BLOCK_A,860,0.0006382
MINE_BLOCK_A,861,0.0006370
MINE_BLOCK_A,862,0.0006385
MINE_BLOCK_A,863,0.0006420
MINE_BLOCK_A,864,0.0006388
MINE_BLOCK_A,865,0.0006324
MINE_BLOCK_A,866,0.0006332
MINE_BLOCK_A,867,0.0006308
MINE_BLOCK_A,868,0.0006347
MINE_BLOCK_A,869,0.0006276
MINE_BLOCK_A,870,0.0006286
MINE_BLOCK_A,871,0.0006265
MINE_BLOCK_A,872,0.0006309
MINE_BLOCK_A,873,0.0007028
MINE_BLOCK_A,874,0.0006479
MINE_BLOCK_A,875,0.0006431
MINE_BLOCK_A,876,0.0006414
MINE_BLOCK_A,877,0.0006378
MINE_BLOCK_A,878,0.0006376
MINE_BLOCK_A,879,0.0006412
MINE_BLOCK_A,880,0.0006384
MINE_BLOCK_A,881,0.0006392
MINE_BLOCK_A,882,0.0006317
MINE_BLOCK_A,883,0.0006319
MINE_BLOCK_A,884,0.0006330
MINE_BLOCK_A,885,0.0006331
MINE_BLOCK_A,886,0.0006260
MINE_BLOCK_A,887,0.0006304
MINE_BLOCK_A,888,0.0006273
MINE_BLOCK_A,889,0.0006345
MINE_BLOCK_A,890,0.0006375
MINE_BLOCK_A,891,0.0006370
MINE_BLOCK_A,892,0.0006345
MINE_BLOCK_A,893,0.0007103
MINE_BLOCK_A,894,0.0006417
MINE_BLOCK_A,895,0.0006440
MINE_BLOCK_A,896,0.0006347
MINE_BLOCK_A,897,0.0006295
MINE_BLOCK_A,898,0.0006325
MINE_BLOCK_A,899,0.0006287
MINE_BLOCK_A,900,0.0006355
MINE_BLOCK_A,901,0.0006364
MINE_BLOCK_A,902,0.0006309
MINE_BLOCK_A,903,0.0006320
MINE_BLOCK_A,904,0.0006395
MINE_BLOCK_A,905,0.0006322
MINE_BLOCK_A,906,0.0006341
MINE_BLOCK_A,907,0.0006321
MINE_BLOCK_A,908,0.0006297
MINE_BLOCK_A,909,0.0006413
MINE_BLOCK_A,910,0.0006387
MINE_BLOCK_A,911,0.0006328
MINE_BLOCK_A,912,0.0006527
MINE_BLOCK_A,913,0.0007155
MINE_BLOCK_A,914,0.0006453
MINE_BLOCK_A,915,0.0006354
MINE_BLOCK_A,916,0.0006389
MINE_BLOCK_A,917,0.0006429
MINE_BLOCK_A,918,0.0006364
MINE_BLOCK_A,919,0.0006326
MINE_BLOCK_A,920,0.0006290
MINE_BLOCK_A,921,0.0006328
MINE_BLOCK_A,922,0.0006381
MINE_BLOCK_A,923,0.0006285
MINE_BLOCK_A,924,0.0006332
MINE_BLOCK_A,925,0.0006326
MINE_BLOCK_A,926,0.0006358
MINE_BLOCK_A,927,0.0006294
MINE_BLOCK_A,928,0.0006398
MINE_BLOCK_A,929,0.0006399
MINE_BLOCK_A,930,0.0006374
MINE_BLOCK_A,931,0.0006419
MINE_BLOCK_A,932,0.0006361
MINE_BLOCK_A,933,0.0007225
MINE_BLOCK_A,934,0.0006450
MINE_BLOCK_A,935,0.0006414
MINE_BLOCK_A,936,0.0006386
MINE_BLOCK_A,937,0.0006398
MINE_BLOCK_A,938,0.0006367
MINE_BLOCK_A,939,0.0006352
MINE_BLOCK_A,940,0.0006362
MINE_BLOCK_A,941,0.0006349
MINE_BLOCK_A,942,0.0006398
MINE_BLOCK_A,943,0.0006328
MINE_BLOCK_A,944,0.0006424
MINE_BLOCK_A,945,0.0006336
MINE_BLOCK_A,946,0.0006362
MINE_BLOCK_A,947,0.0006306
MINE_BLOCK_A,948,0.0006325
MINE_BLOCK_A,949,0.0006478
MINE_BLOCK_A,950,0.0006422
MINE_BLOCK_A,951,0.0006353
MINE_BLOCK_A,952,0.0006373
MINE_BLOCK_A,953,0.0007108
MINE_BLOCK_A,954,0.0006415
MINE_BLOCK_A,955,0.0006442
MINE_BLOCK_A,956,0.0006415
MINE_BLOCK_A,957,0.0006369
MINE_BLOCK_A,958,0.0006356
MINE_BLOCK_A,959,0.0006320
MINE_BLOCK_A,960,0.0006407
MINE_BLOCK_A,961,0.0006372
MINE_BLOCK_A,962,0.0006352
MINE_BLOCK_A,963,0.0006366
MINE_BLOCK_A,964,0.0006350
MINE_BLOCK_A,965,0.0006339
MINE_BLOCK_A,966,0.0006359
MINE_BLOCK_A,967,0.0006334
MINE_BLOCK_A,968,0.0006352
MINE_BLOCK_A,969,0.0006384
MINE_BLOCK_A,970,0.0006331
MINE_BLOCK_A,971,0.0006407
MINE_BLOCK_A,972,0.0006384
MINE_BLOCK_A,973,0.0007154
MINE_BLOCK_A,974,0.0006379
MINE_BLOCK_A,975,0.0006430
MINE_BLOCK_A,976,0.0006398
MINE_BLOCK_A,977,0.0006303
MINE_BLOCK_A,978,0.0006311
MINE_BLOCK_A,979,0.0006360
MINE_BLOCK_A,980,0.0006381
MINE_BLOCK_A,981,0.0006302
MINE_BLOCK_A,982,0.0006480
MINE_BLOCK_A,983,0.0006350
MINE_BLOCK_A,984,0.0006351
MINE_BLOCK_A,985,0.0006396
MINE_BLOCK_A,986,0.0006341
MINE_BLOCK_A,987,0.0006340
MINE_BLOCK_A,988,0.0006291
MINE_BLOCK_A,989,0.0006372
MINE_BLOCK_A,990,0.0006307
MINE_BLOCK_A,991,0.0006332
MINE_BLOCK_A,992,0.0006297
MINE_BLOCK_A,993,0.0007110
MINE_BLOCK_A,994,0.0006482
MINE_BLOCK_A,995,0.0006371
MINE_BLOCK_A,996,0.0006342
MINE_BLOCK_A,997,0.0006360
MINE_BLOCK_A,998,0.0006399
MINE_BLOCK_A,999,0.0006453
MINE_BLOCK_A,1000,0.0006433
MINE_BLOCK_A,1001,0.0006381
MINE_BLOCK_A,1002,0.0006318
MINE_BLOCK_A,1003,0.0006418
MINE_BLOCK_A,1004,0.0006382
MINE_BLOCK_A,1005,0.0006305
MINE_BLOCK_A,1006,0.0006314
MINE_BLOCK_A,1007,0.0006304
MINE_BLOCK_A,1008,0.0006323
DELETE_CHAIN_(Participant(A')_),1,0.0000617
DELETE_SUBTREE_A,1,0.0000836
DELETE_SUBTREES_RELATED_TO_A,1,0.0001225
